{
  "project_info": {
    "project_number": "851086879916",
    "firebase_url": "https://blood-donation-bb15f.firebaseio.com",
    "project_id": "blood-donation-bb15f",
    "storage_bucket": "blood-donation-bb15f.appspot.com"
  },
  "client": [
    {
      "client_info": {
        "mobilesdk_app_id": "1:851086879916:android:750d988d46657964",
        "android_client_info": {
          "package_name": "com.example.gundlapallipardhu.blooddonation"
        }
      },
      "oauth_client": [
        {
          "client_id": "851086879916-kpbdp58esrg8j98bnm4iaseo7r8h7tp6.apps.googleusercontent.com",
          "client_type": 1,
          "android_info": {
            "package_name": "com.example.gundlapallipardhu.blooddonation",
            "certificate_hash": "fcf61c5ab256fe40866f7b51adfe4c6d4d437fa7"
          }
        },
        {
          "client_id": "851086879916-cle9mpfemmig8jgghcovr42l58v46tap.apps.googleusercontent.com",
          "client_type": 3
        }
      ],
      "api_key": [
        {
          "current_key": "AIzaSyBdgYI3WxVyvmisD6pgg9H44XawhS2P-M8"
        }
      ],
      "services": {
        "analytics_service": {
          "status": 1
        },
        "appinvite_service": {
          "status": 2,
          "other_platform_oauth_client": [
            {
              "client_id": "851086879916-cle9mpfemmig8jgghcovr42l58v46tap.apps.googleusercontent.com",
              "client_type": 3
            }
          ]
        },
        "ads_service": {
          "status": 2
        }
      }
    }
  ],
  "configuration_version": "1"
}